Date,Inoc.plank.nutr.source,Inoc.treatment,Bottle.color,Bottle.number,Bottle.ID,size..mm,egg.number,individuals.w.eggs,individuals.w.o.eggs,image.file.name
12/7/22,H+,H-,blue,6,B6,0.566,0,,,B6-2.jpg
12/7/22,H+,H-,blue,6,B6,0.582,0,,,B6-2.jpg
11/10/22,L+,LP+,white,4,W4,0.643,0,,,W4-2.jpg
11/2/22,L+,LP+,white,1,W1,0.689,0,,,W1-4.jpg
11/10/22,L+,LP+,white,4,W4,0.736,0,,,W4-2.jpg
11/2/22,L+,LP+,white,1,W1,0.737,0,,,W1-2.jpg
12/7/22,H+,H-,blue,7,B7,0.746,0,,,B7-2.jpg
11/10/22,L+,LP+,white,3,W3,0.751,0,,,W3-3.jpg
11/10/22,L+,LP+,white,4,W4,0.754,0,,,W4-4.jpg
11/10/22,L+,LP+,white,3,W3,0.759,0,,,W3-3.jpg
11/14/22,L+,LP-,orange,1,O1,0.762,0,,,O1-3.jpg
11/10/22,L+,LP+,white,3,W3,0.765,0,,,W3-4.jpg
11/10/22,L+,LP+,white,4,W4,0.769,0,,,W4-5.jpg
11/10/22,L+,LP+,white,4,W4,0.772,0,,,W4-3.jpg
11/10/22,L+,LP+,white,4,W4,0.772,0,,,W4-6.jpg
10/21/22,L+,L-,yellow,1,Y1,0.773,0,,,Y1-1-3.jpg
11/10/22,L+,LP+,white,3,W3,0.775,0,,,W3-1.jpg
12/7/22,H+,H-,blue,7,B7,0.776,0,,,B7-5.jpg
11/10/22,L+,LP+,white,4,W4,0.782,0,,,W4-4.jpg
11/14/22,L+,LP-,orange,3,O3,0.784,0,,,O3-2.jpg
11/10/22,L+,LP+,white,3,W3,0.791,0,,,W3-3.jpg
11/10/22,L+,LP+,white,4,W4,0.792,0,,,W4-5.jpg
11/14/22,L+,LP-,orange,1,O1,0.796,0,,,O1-3.jpg
11/10/22,L+,LP+,white,4,W4,0.8,0,,,W4-2.jpg
11/10/22,L+,LP+,white,3,W3,0.801,0,,,W3-1.jpg
11/10/22,L+,LP+,white,4,W4,0.804,0,,,W4-2.jpg
11/10/22,L+,LP+,white,4,W4,0.808,0,,,W4-2.jpg
11/2/22,L+,LP+,white,1,W1,0.809,0,,,W1-5.jpg
11/10/22,L+,LP+,white,4,W4,0.809,0,,,W4-3.jpg
11/2/22,L+,LP+,white,1,W1,0.812,0,,,W1-5.jpg
11/10/22,L+,LP+,white,4,W4,0.814,0,,,W4-2.jpg
11/2/22,L+,LP+,white,1,W1,0.816,0,,,W1-5.jpg
11/14/22,L+,LP-,orange,1,O1,0.817,0,,,O1-3.jpg
11/14/22,L+,LP-,orange,3,O3,0.817,0,,,O3-2.jpg
12/7/22,H+,H-,blue,6,B6,0.818,0,,,B6-2.jpg
11/10/22,L+,LP+,white,4,W4,0.819,0,,,W4-2.jpg
11/10/22,L+,LP+,white,4,W4,0.822,0,,,W4-3.jpg
12/14/22,L+,H-,blue,3,B3,0.825,0,,,B3-3.jpg
11/14/22,L+,LP-,orange,3,O3,0.826,0,,,O3-3.jpg
11/14/22,L+,LP-,orange,1,O1,0.827,0,2,13,O1-1.jpg
10/24/22,LP+,H-,blue,9,B9,0.828,0,,,B9-3.jpg
11/10/22,L+,LP+,white,4,W4,0.828,0,,,W4-2.jpg
10/28/22,H+,L+,red,6,R6,0.83,0,,,R6-1-1.jpg
11/14/22,L+,LP-,orange,3,O3,0.83,0,,,O3-2.jpg
10/24/22,L+,H-,blue,2,B2,0.833,0,,,B2-2.jpg
10/28/22,H+,L+,red,6,R6,0.836,0,,,R6-1-1.jpg
11/10/22,L+,LP+,white,4,W4,0.837,0,,,W4-3.jpg
11/14/22,L+,LP-,orange,1,O1,0.837,0,,,O1-3.jpg
12/14/22,L+,H-,blue,3,B3,0.837,0,,,B3-4.jpg
11/10/22,L+,LP+,white,4,W4,0.838,0,,,W4-4.jpg
11/10/22,L+,LP+,white,4,W4,0.841,0,,,W4-3.jpg
11/10/22,L+,LP+,white,3,W3,0.842,0,,,W3-2.jpg
12/14/22,H+,H-,blue,8,B8,0.845,0,,,B8-2.jpg
11/10/22,L+,LP+,white,4,W4,0.847,0,,,W4-2.jpg
10/24/22,L+,H-,blue,2,B2,0.848,0,,,B2-2.jpg
12/2/22,H+,H-,blue,5,B5,0.848,0,,,B5-3.jpg
12/14/22,L+,H-,blue,3,B3,0.849,0,,,B3-3.jpg
12/14/22,L+,H-,blue,3,B3,0.851,0,,,B3-3.jpg
12/14/22,H+,H-,blue,8,B8,0.852,0,,,B8-2.jpg
10/24/22,L+,H-,blue,2,B2,0.853,0,,,B2-2.jpg
11/18/22,LP+,H-,blue,11,B11,0.853,0,,,B11-5.jpg
12/7/22,H+,H-,blue,6,B6,0.854,0,,,B6-2.jpg
10/24/22,L+,H-,blue,2,B2,0.855,0,,,B2-3.jpg
11/10/22,L+,LP+,white,4,W4,0.855,0,,,W4-6.jpg
10/24/22,LP+,H-,blue,9,B9,0.861,0,,,B9-2.jpg
11/2/22,L+,LP+,white,1,W1,0.861,0,,,W1-4.jpg
11/10/22,L+,LP+,white,3,W3,0.861,0,,,W3-1.jpg
11/14/22,L+,LP-,orange,2,O2,0.861,0,,,O2-2.jpg
12/14/22,L+,H-,blue,3,B3,0.862,0,,,B3-2.jpg
10/24/22,L+,H-,blue,2,B2,0.863,0,,,B2-2.jpg
10/24/22,L+,H-,blue,2,B2,0.863,0,,,B2-3.jpg
11/10/22,L+,LP+,white,3,W3,0.863,0,,,W3-1.jpg
10/28/22,H+,L+,red,6,R6,0.865,0,,,R6-1-1.jpg
11/10/22,L+,LP+,white,4,W4,0.867,0,,,W4-3.jpg
12/2/22,H+,H-,blue,5,B5,0.871,0,,,B5-3.jpg
12/2/22,H+,H-,blue,5,B5,0.871,0,,,B5-6.jpg
12/2/22,H+,H-,blue,5,B5,0.874,0,,,B5-6.jpg
11/18/22,LP+,H-,blue,11,B11,0.878,0,,,B11-5.jpg
11/18/22,LP+,H-,blue,11,B11,0.88,0,,,B11-1.jpg
12/2/22,H+,H-,blue,5,B5,0.88,0,6,31,B5-1.jpg
10/24/22,L+,H-,blue,2,B2,0.883,0,,,B2-3.jpg
11/10/22,L+,LP+,white,3,W3,0.884,0,,,W3-1.jpg
11/2/22,L+,LP+,white,2,W2,0.885,0,,,W2-13.jpg
10/24/22,L+,H-,blue,2,B2,0.891,0,,,B2-2.jpg
11/18/22,LP+,H-,blue,11,B11,0.891,0,,,B11-5.jpg
11/18/22,LP+,H-,blue,11,B11,0.897,0,,,B11-2.jpg
12/2/22,H+,H-,blue,5,B5,0.899,0,,,B5-1.jpg
12/2/22,H+,H-,blue,5,B5,0.899,0,,,B5-3.jpg
10/21/22,L+,L-,yellow,1,Y1,0.9,0,,,Y1-1-2.jpg
11/10/22,L+,LP+,white,3,W3,0.9,0,,,W3-6.jpg
10/24/22,LP+,H-,blue,9,B9,0.902,0,,,B9-2.jpg
11/18/22,LP+,H-,blue,11,B11,0.903,0,,,B11-1.jpg
12/2/22,H+,H-,blue,5,B5,0.906,0,,,B5-3.jpg
12/2/22,H+,H-,blue,5,B5,0.908,0,,,B5-1.jpg
10/21/22,L+,L-,yellow,1,Y1,0.909,0,,,Y1-1-2.jpg
11/18/22,LP+,H-,blue,11,B11,0.911,0,,,B11-5.jpg
12/14/22,H+,H-,blue,8,B8,0.911,0,,,B8-2.jpg
11/18/22,LP+,H-,blue,11,B11,0.915,0,,,B11-5.jpg
10/24/22,LP+,H-,blue,9,B9,0.916,0,,,B9-2.jpg
12/2/22,H+,H-,blue,5,B5,0.916,0,,,B5-3.jpg
12/7/22,H+,H-,blue,7,B7,0.916,0,,,B7-4.jpg
12/2/22,H+,H-,blue,5,B5,0.92,0,,,B5-1.jpg
12/7/22,H+,H-,blue,7,B7,0.92,0,,,B7-2.jpg
12/7/22,H+,H-,blue,7,B7,0.923,0,,,B7-4.jpg
10/21/22,L+,L-,yellow,1,Y1,0.926,0,,,Y1-1-3.jpg
11/10/22,L+,LP+,white,4,W4,0.926,0,,,W4-5.jpg
11/18/22,LP+,H-,blue,11,B11,0.926,0,,,B11-1.jpg
12/7/22,H+,H-,blue,7,B7,0.927,0,,,B7-2.jpg
10/21/22,L+,L-,yellow,1,Y1,0.929,0,,,Y1-1-2.jpg
11/10/22,L+,LP+,white,4,W4,0.929,0,,,W4-2.jpg
12/7/22,H+,H-,blue,7,B7,0.932,0,,,B7-3.jpg
10/24/22,LP+,H-,blue,9,B9,0.934,0,,,B9-3.jpg
12/7/22,H+,H-,blue,7,B7,0.934,0,,,B7-4.jpg
12/2/22,H+,H-,blue,5,B5,0.935,0,,,B5-4.jpg
12/2/22,H+,H-,blue,5,B5,0.936,0,,,B5-4.jpg
10/28/22,H+,H+,green,8,G8,0.937,0,,,G8-1-1.jpg
10/28/22,H+,H+,green,8,G8,0.942,0,3,3,G8-1-1.jpg
10/24/22,L+,H-,blue,2,B2,0.943,0,,,B2-2.jpg
10/24/22,L+,H-,blue,2,B2,0.944,0,,,B2-2.jpg
10/24/22,L+,H-,blue,2,B2,0.945,0,,,B2-2.jpg
11/10/22,L+,LP+,white,4,W4,0.95,0,,,W4-3.jpg
10/24/22,LP+,H-,blue,9,B9,0.955,0,,,B9-2.jpg
11/14/22,L+,LP-,orange,1,O1,0.955,0,,,O1-3.jpg
12/7/22,H+,H-,blue,7,B7,0.956,0,,,B7-3.jpg
11/2/22,L+,LP+,white,2,W2,0.957,0,,,W2-1.jpg
11/14/22,L+,LP-,orange,1,O1,0.958,0,,,O1-3.jpg
12/7/22,H+,H-,blue,7,B7,0.958,0,,,B7-4.jpg
10/21/22,H+,LP-,orange,6,O6,0.959,0,,,O6-1-1.jpg
11/2/22,L+,LP+,white,2,W2,0.959,0,,,W2-9.jpg
10/21/22,L+,L-,yellow,1,Y1,0.96,0,,,Y1-1-3.jpg
10/24/22,LP+,H-,blue,9,B9,0.963,0,,,B9-2.jpg
11/2/22,L+,LP+,white,2,W2,0.968,0,,,W2-4.jpg
12/2/22,H+,H-,blue,5,B5,0.969,0,,,B5-3.jpg
11/2/22,L+,LP+,white,2,W2,0.97,0,,,W2-6.jpg
11/2/22,L+,LP+,white,1,W1,0.971,0,,,W1-2.jpg
12/14/22,L+,H-,blue,3,B3,0.978,0,,,B3-3.jpg
12/14/22,L+,H-,blue,3,B3,0.979,0,,,B3-2.jpg
12/14/22,H+,H-,blue,8,B8,0.98,0,,,B8-3.jpg
10/28/22,H+,L+,red,8,R8,0.982,0,0,1,R8-1.jpg
12/14/22,L+,H-,blue,3,B3,0.986,0,,,B3-4.jpg
10/24/22,L+,H-,blue,2,B2,0.987,0,,,B2-2.jpg
11/2/22,L+,LP+,white,1,W1,0.987,0,,,W1-2.jpg
10/24/22,LP+,H-,blue,9,B9,0.989,0,,,B9-2.jpg
12/14/22,L+,H-,blue,3,B3,0.99,0,,,B3-3.jpg
11/10/22,L+,LP+,white,3,W3,0.992,0,,,W3-1.jpg
12/14/22,H+,H-,blue,8,B8,0.992,0,,,B8-4.jpg
10/24/22,L+,H-,blue,2,B2,0.995,0,,,B2-2.jpg
11/10/22,L+,LP+,white,3,W3,0.995,0,,,W3-2.jpg
11/10/22,L+,LP+,white,3,W3,1,0,,,W3-2.jpg
12/2/22,H+,H-,blue,5,B5,1,0,,,B5-4.jpg
11/2/22,L+,LP+,white,2,W2,1.002,0,,,W2-7.jpg
11/2/22,L+,LP+,white,1,W1,1.003,0,,,W1-4.jpg
12/14/22,L+,H-,blue,3,B3,1.003,0,,,B3-3.jpg
12/2/22,H+,H-,blue,5,B5,1.005,0,,,B5-4.jpg
11/2/22,L+,LP+,white,2,W2,1.006,0,,,W2-4.jpg
11/10/22,L+,LP+,white,3,W3,1.006,0,,,W3-1.jpg
11/10/22,L+,LP+,white,3,W3,1.006,0,,,W3-2.jpg
11/14/22,L+,LP-,orange,4,O4,1.008,0,,,O4-2.jpg
10/24/22,LP+,H-,blue,9,B9,1.013,0,,,B9-2.jpg
11/2/22,L+,LP+,white,2,W2,1.014,0,,,W2-4.jpg
11/10/22,L+,LP+,white,3,W3,1.021,0,,,W3-6.jpg
12/14/22,H+,H-,blue,8,B8,1.026,0,,,B8-2.jpg
10/21/22,L+,L-,yellow,1,Y1,1.027,0,5,9,Y1-1-3.jpg
11/2/22,L+,LP+,white,2,W2,1.027,0,,,W2-13.jpg
10/24/22,L+,H-,blue,2,B2,1.028,0,,,B2-2.jpg
11/2/22,L+,LP+,white,1,W1,1.028,0,,,W1-5.jpg
11/18/22,LP+,H-,blue,11,B11,1.028,0,,,B11-2.jpg
12/7/22,H+,H-,blue,7,B7,1.029,0,,,B7-4.jpg
11/2/22,L+,LP+,white,2,W2,1.03,0,,,W2-15.jpg
11/18/22,LP+,H-,blue,11,B11,1.03,0,,,B11-1.jpg
12/14/22,L+,H-,blue,3,B3,1.03,0,,,B3-3.jpg
11/2/22,L+,LP+,white,2,W2,1.033,0,,,W2-1.jpg
11/2/22,L+,LP+,white,2,W2,1.034,0,,,W2-13.jpg
11/10/22,L+,LP+,white,3,W3,1.035,0,,,W3-4.jpg
11/14/22,L+,LP-,orange,4,O4,1.037,0,,,O4-2.jpg
11/2/22,L+,LP+,white,2,W2,1.038,0,,,W2-17.jpg
12/7/22,H+,H-,blue,6,B6,1.039,0,,,B6-2.jpg
12/14/22,L+,H-,blue,3,B3,1.039,0,,,B3-3.jpg
10/21/22,L+,L-,yellow,1,Y1,1.043,0,,,Y1-1-3.jpg
12/14/22,L+,H-,blue,3,B3,1.043,0,,,B3-2.jpg
12/14/22,L+,H-,blue,3,B3,1.044,0,,,B3-2.jpg
12/14/22,H+,H-,blue,8,B8,1.045,0,,,B8-3.jpg
11/10/22,L+,LP+,white,3,W3,1.046,0,,,W3-4.jpg
11/2/22,L+,LP+,white,2,W2,1.048,0,,,W2-13.jpg
11/2/22,L+,LP+,white,2,W2,1.048,0,,,W2-15.jpg
12/14/22,L+,H-,blue,1,B1,1.049,0,,,B1-4.jpg
10/24/22,LP+,H-,blue,9,B9,1.051,0,,,B9-3.jpg
11/2/22,L+,LP+,white,2,W2,1.052,0,,,W2-7.jpg
11/2/22,L+,LP+,white,2,W2,1.053,0,,,W2-15.jpg
11/10/22,L+,LP+,white,4,W4,1.055,0,,,W4-2.jpg
11/14/22,L+,LP-,orange,1,O1,1.057,0,,,O1-3.jpg
12/2/22,H+,H-,blue,5,B5,1.058,0,,,B5-4.jpg
12/14/22,L+,H-,blue,3,B3,1.058,0,,,B3-3.jpg
11/14/22,L+,LP-,orange,1,O1,1.059,0,,,O1-3.jpg
11/14/22,L+,LP-,orange,4,O4,1.06,0,,,O4-2.jpg
11/2/22,L+,LP+,white,2,W2,1.066,0,,,W2-9.jpg
12/2/22,H+,H-,blue,5,B5,1.066,0,,,B5-6.jpg
10/21/22,H+,LP-,orange,6,O6,1.068,0,,,O6-1-1.jpg
10/21/22,H+,L-,yellow,6,Y6,1.069,0,2,2,Y6-1-1.jpg
11/14/22,L+,LP-,orange,3,O3,1.069,0,,,O3-2.jpg
12/14/22,H+,H-,blue,8,B8,1.07,0,,,B8-4.jpg
10/21/22,H+,LP-,orange,6,O6,1.071,0,,,O6-1-1.jpg
11/14/22,L+,LP-,orange,2,O2,1.075,0,,,O2-2.jpg
12/14/22,H+,H-,blue,8,B8,1.075,0,,,B8-3.jpg
11/10/22,L+,LP+,white,4,W4,1.078,0,,,W4-2.jpg
11/10/22,L+,LP+,white,4,W4,1.08,0,,,W4-2.jpg
11/10/22,L+,LP+,white,4,W4,1.08,0,,,W4-4.jpg
11/10/22,L+,LP+,white,4,W4,1.081,0,,,W4-3.jpg
11/10/22,L+,LP+,white,3,W3,1.083,0,,,W3-4.jpg
11/14/22,L+,LP-,orange,1,O1,1.084,0,,,O1-3.jpg
12/2/22,H+,H-,blue,5,B5,1.085,0,,,B5-3.jpg
11/10/22,L+,LP+,white,3,W3,1.086,0,,,W3-6.jpg
11/10/22,L+,LP+,white,4,W4,1.086,0,,,W4-5.jpg
12/2/22,H+,H-,blue,5,B5,1.086,0,,,B5-6.jpg
11/10/22,L+,LP+,white,3,W3,1.088,0,,,W3-4.jpg
11/2/22,L+,LP+,white,2,W2,1.089,0,,,W2-6.jpg
12/14/22,L+,H-,blue,3,B3,1.089,0,,,B3-2.jpg
11/10/22,L+,LP+,white,3,W3,1.092,0,,,W3-1.jpg
11/14/22,L+,LP-,orange,3,O3,1.092,0,,,O3-2.jpg
11/18/22,LP+,H-,blue,11,B11,1.093,0,,,B11-4.jpg
12/2/22,H+,H-,blue,5,B5,1.094,0,,,B5-6.jpg
11/2/22,L+,LP+,white,2,W2,1.097,0,,,W2-13.jpg
11/10/22,L+,LP+,white,4,W4,1.099,0,,,W4-4.jpg
11/18/22,LP+,H-,blue,11,B11,1.1,0,,,B11-4.jpg
11/10/22,L+,LP+,white,3,W3,1.101,0,,,W3-6.jpg
11/10/22,L+,LP+,white,3,W3,1.102,0,,,W3-4.jpg
10/24/22,L+,H-,blue,2,B2,1.104,0,,,B2-2.jpg
11/10/22,L+,LP+,white,3,W3,1.106,0,,,W3-2.jpg
11/14/22,L+,LP-,orange,3,O3,1.106,0,,,O3-2.jpg
12/2/22,H+,H-,blue,5,B5,1.114,0,,,B5-4.jpg
11/18/22,LP+,H-,blue,11,B11,1.117,0,,,B11-2.jpg
11/18/22,LP+,H-,blue,11,B11,1.117,0,,,B11-4.jpg
11/2/22,L+,LP+,white,2,W2,1.118,0,,,W2-1.jpg
12/14/22,L+,H-,blue,1,B1,1.118,0,,,B1-3.jpg
11/14/22,L+,LP-,orange,3,O3,1.122,0,,,O3-2.jpg
11/18/22,LP+,H-,blue,11,B11,1.122,0,3,30,B11-1.jpg
12/7/22,H+,H-,blue,7,B7,1.123,0,,,B7-3.jpg
11/18/22,LP+,H-,blue,11,B11,1.127,0,,,B11-4.jpg
11/2/22,L+,LP+,white,2,W2,1.13,0,,,W2-4.jpg
10/21/22,H+,LP-,orange,6,O6,1.131,0,,,O6-1-1.jpg
11/18/22,LP+,H-,blue,11,B11,1.131,0,,,B11-1.jpg
11/14/22,L+,LP-,orange,2,O2,1.132,0,,,O2-4.jpg
11/2/22,L+,LP+,white,2,W2,1.134,0,,,W2-17.jpg
12/14/22,L+,H-,blue,1,B1,1.134,0,,,B1-2.jpg
12/14/22,L+,H-,blue,3,B3,1.134,0,,,B3-4.jpg
12/7/22,H+,H-,blue,7,B7,1.136,0,,,B7-4.jpg
12/14/22,L+,H-,blue,1,B1,1.137,0,,,B1-2.jpg
11/2/22,L+,LP+,white,2,W2,1.138,0,,,W2-17.jpg
12/14/22,H+,H-,blue,8,B8,1.138,0,,,B8-3.jpg
11/10/22,L+,LP+,white,3,W3,1.141,0,,,W3-4.jpg
12/14/22,L+,H-,blue,1,B1,1.143,0,,,B1-4.jpg
10/28/22,LP+,H+,green,10,G10,1.144,0,,,G10-1-1.jpg
11/10/22,L+,LP+,white,3,W3,1.148,0,,,W3-4.jpg
11/10/22,L+,LP+,white,4,W4,1.148,0,,,W4-5.jpg
11/18/22,LP+,H-,blue,11,B11,1.15,0,,,B11-7.jpg
12/14/22,H+,H-,blue,8,B8,1.152,0,6,28,B8-2.jpg
11/2/22,L+,LP+,white,2,W2,1.154,0,,,W2-15.jpg
11/2/22,L+,LP+,white,2,W2,1.154,0,,,W2-15.jpg
10/28/22,H+,L+,red,7,R7,1.156,0,0,1,R7-1.jpg
12/14/22,H+,H-,blue,8,B8,1.156,0,,,B8-4.jpg
10/21/22,H+,LP-,orange,6,O6,1.159,0,,,O6-1-1.jpg
11/18/22,LP+,H-,blue,11,B11,1.159,0,,,B11-1.jpg
12/7/22,H+,H-,blue,7,B7,1.159,0,,,B7-2.jpg
11/14/22,L+,LP-,orange,2,O2,1.16,0,,,O2-2.jpg
12/14/22,H+,H-,blue,8,B8,1.16,0,,,B8-4.jpg
11/2/22,L+,LP+,white,2,W2,1.163,0,,,W2-2.jpg
10/21/22,H+,LP-,orange,6,O6,1.165,0,,,O6-1-1.jpg
11/2/22,L+,LP+,white,2,W2,1.166,0,,,W2-4.jpg
11/2/22,L+,LP+,white,2,W2,1.167,0,,,W2-2.jpg
11/2/22,L+,LP+,white,2,W2,1.167,0,,,W2-11.jpg
12/14/22,H+,H-,blue,8,B8,1.169,0,,,B8-5.jpg
11/2/22,L+,LP+,white,2,W2,1.17,0,,,W2-6.jpg
12/14/22,H+,H-,blue,8,B8,1.174,0,,,B8-5.jpg
11/10/22,L+,LP+,white,3,W3,1.177,0,,,W3-4.jpg
12/14/22,H+,H-,blue,8,B8,1.178,0,,,B8-4.jpg
10/24/22,LP+,H-,blue,9,B9,1.181,0,,,B9-3.jpg
11/18/22,LP+,H-,blue,11,B11,1.181,0,,,B11-2.jpg
10/24/22,LP+,H-,blue,9,B9,1.184,0,,,B9-2.jpg
11/2/22,L+,LP+,white,2,W2,1.184,0,,,W2-15.jpg
12/14/22,L+,H-,blue,1,B1,1.184,0,,,B1-4.jpg
11/2/22,L+,LP+,white,2,W2,1.185,0,,,W2-17.jpg
10/28/22,LP+,H+,green,10,G10,1.191,0,,,G10-1-1.jpg
11/2/22,L+,LP+,white,2,W2,1.191,0,,,W2-4.jpg
10/21/22,H+,LP-,orange,6,O6,1.193,0,,,O6-1-1.jpg
11/2/22,L+,LP+,white,2,W2,1.194,0,,,W2-4.jpg
11/14/22,L+,LP-,orange,2,O2,1.196,0,,,O2-4.jpg
11/2/22,L+,LP+,white,2,W2,1.197,0,,,W2-6.jpg
11/2/22,L+,LP+,white,2,W2,1.2,0,,,W2-2.jpg
12/14/22,H+,H-,blue,8,B8,1.208,0,,,B8-2.jpg
12/14/22,H+,H-,blue,8,B8,1.208,0,,,B8-4.jpg
11/2/22,L+,LP+,white,2,W2,1.21,0,,,W2-11.jpg
11/14/22,L+,LP-,orange,1,O1,1.21,0,,,O1-1.jpg
10/28/22,LP+,H+,green,12,G12,1.211,0,1,2,G12-1-1.jpg
11/14/22,L+,LP-,orange,2,O2,1.217,0,,,O2-2.jpg
12/14/22,L+,H-,blue,1,B1,1.218,0,,,B1-2.jpg
12/2/22,H+,H-,blue,5,B5,1.219,0,,,B5-3.jpg
11/2/22,L+,LP+,white,1,W1,1.221,0,,,W1-2.jpg
11/2/22,L+,LP+,white,2,W2,1.224,0,,,W2-2.jpg
12/14/22,L+,H-,blue,3,B3,1.229,0,,,B3-2.jpg
11/2/22,L+,LP+,white,2,W2,1.231,0,,,W2-17.jpg
12/14/22,L+,H-,blue,1,B1,1.236,0,,,B1-4.jpg
12/2/22,H+,H-,blue,5,B5,1.238,0,,,B5-4.jpg
10/28/22,H+,L+,red,6,R6,1.239,0,,,R6-1-1.jpg
12/14/22,H+,H-,blue,8,B8,1.242,0,,,B8-2.jpg
11/2/22,L+,LP+,white,2,W2,1.243,0,,,W2-11.jpg
12/7/22,H+,H-,blue,6,B6,1.245,0,,,B6-2.jpg
10/28/22,H+,H+,green,5,G5,1.247,0,,,G5-1-1.jpg
11/14/22,L+,LP-,orange,1,O1,1.247,0,,,O1-1.jpg
11/2/22,L+,LP+,white,2,W2,1.249,0,,,W2-7.jpg
11/2/22,L+,LP+,white,2,W2,1.256,0,,,W2-11.jpg
11/14/22,L+,LP-,orange,2,O2,1.256,0,,,O2-4.jpg
10/24/22,LP+,H-,blue,9,B9,1.257,0,,,B9-2.jpg
12/7/22,H+,H-,blue,7,B7,1.264,0,,,B7-3.jpg
11/2/22,L+,LP+,white,1,W1,1.267,0,,,W1-2.jpg
12/14/22,L+,H-,blue,3,B3,1.267,0,5,21,B3-2.jpg
10/28/22,H+,L+,red,6,R6,1.271,0,,,R6-1-1.jpg
12/14/22,H+,H-,blue,8,B8,1.278,0,,,B8-4.jpg
11/10/22,L+,LP+,white,4,W4,1.284,0,,,W4-5.jpg
11/2/22,L+,LP+,white,2,W2,1.285,0,,,W2-6.jpg
11/14/22,L+,LP-,orange,2,O2,1.286,0,,,O2-2.jpg
12/14/22,H+,H-,blue,8,B8,1.293,0,,,B8-2.jpg
11/10/22,L+,LP+,white,4,W4,1.294,0,,,W4-5.jpg
11/2/22,L+,LP+,white,1,W1,1.296,0,,,W1-2.jpg
11/2/22,L+,LP+,white,2,W2,1.296,0,,,W2-7.jpg
12/14/22,H+,H-,blue,8,B8,1.301,0,,,B8-5.jpg
11/18/22,LP+,H-,blue,11,B11,1.303,0,,,B11-2.jpg
10/28/22,H+,L+,red,6,R6,1.305,0,,,R6-1-1.jpg
11/10/22,L+,LP+,white,4,W4,1.315,0,,,W4-2.jpg
10/28/22,LP+,H+,green,12,G12,1.323,0,,,G12-1-1.jpg
12/2/22,H+,H-,blue,5,B5,1.323,0,,,B5-4.jpg
10/28/22,LP+,H+,green,11,G11,1.325,0,,,G11-1-1.jpg
12/14/22,L+,H-,blue,1,B1,1.326,0,,,B1-4.jpg
11/10/22,L+,LP+,white,4,W4,1.327,0,,,W4-6.jpg
11/14/22,L+,LP-,orange,2,O2,1.333,0,,,O2-2.jpg
11/14/22,L+,LP-,orange,2,O2,1.336,0,,,O2-4.jpg
12/7/22,H+,H-,blue,7,B7,1.339,0,,,B7-2.jpg
10/24/22,LP+,H-,blue,9,B9,1.343,0,,,B9-2.jpg
11/10/22,L+,LP+,white,4,W4,1.354,0,,,W4-3.jpg
12/7/22,H+,H-,blue,7,B7,1.357,0,,,B7-4.jpg
10/28/22,H+,H+,green,8,G8,1.36,0,,,G8-1-1.jpg
11/2/22,L+,LP+,white,2,W2,1.364,0,,,W2-15.jpg
11/10/22,L+,LP+,white,3,W3,1.364,0,2,36,W3-1.jpg
11/18/22,LP+,H-,blue,11,B11,1.365,0,,,B11-1.jpg
11/14/22,L+,LP-,orange,2,O2,1.366,0,,,O2-4.jpg
12/2/22,H+,H-,blue,5,B5,1.368,0,,,B5-4.jpg
12/2/22,H+,H-,blue,5,B5,1.377,0,,,B5-4.jpg
11/14/22,L+,LP-,orange,2,O2,1.379,0,,,O2-2.jpg
11/18/22,LP+,H-,blue,11,B11,1.379,0,,,B11-7.jpg
12/14/22,L+,H-,blue,3,B3,1.39,0,,,B3-2.jpg
11/10/22,L+,LP+,white,3,W3,1.394,0,,,W3-6.jpg
11/14/22,L+,LP-,orange,2,O2,1.397,0,,,O2-2.jpg
10/24/22,LP+,H-,blue,9,B9,1.398,0,,,B9-2.jpg
10/28/22,LP+,H+,green,10,G10,1.398,0,2,5,G10-1-1.jpg
11/10/22,L+,LP+,white,4,W4,1.403,0,,,W4-5.jpg
12/14/22,H+,H-,blue,8,B8,1.403,0,,,B8-4.jpg
11/14/22,L+,LP-,orange,2,O2,1.407,0,,,O2-2.jpg
10/24/22,LP+,H-,blue,9,B9,1.414,0,,,B9-2.jpg
11/2/22,L+,LP+,white,2,W2,1.423,0,,,W2-4.jpg
11/10/22,L+,LP+,white,4,W4,1.435,0,,,W4-2.jpg
11/10/22,L+,LP+,white,4,W4,1.448,0,,,W4-3.jpg
12/14/22,H+,H-,blue,8,B8,1.449,0,,,B8-3.jpg
11/2/22,L+,LP+,white,2,W2,1.451,0,,,W2-6.jpg
11/14/22,L+,LP-,orange,2,O2,1.451,0,,,O2-4.jpg
12/14/22,H+,H-,blue,8,B8,1.458,0,,,B8-2.jpg
11/14/22,L+,LP-,orange,2,O2,1.459,0,,,O2-4.jpg
11/14/22,L+,LP-,orange,2,O2,1.462,0,,,O2-2.jpg
10/28/22,LP+,H+,green,11,G11,1.464,0,0,3,G11-1-1.jpg
11/2/22,L+,LP+,white,1,W1,1.469,0,,,W1-5.jpg
11/2/22,L+,LP+,white,2,W2,1.471,0,,,W2-15.jpg
10/28/22,LP+,H+,green,10,G10,1.473,0,,,G10-1-1.jpg
11/2/22,L+,LP+,white,2,W2,1.473,0,,,W2-2.jpg
12/14/22,H+,H-,blue,8,B8,1.474,0,,,B8-4.jpg
11/18/22,LP+,H-,blue,11,B11,1.506,0,,,B11-4.jpg
11/2/22,L+,LP+,white,1,W1,1.507,0,,,W1-4.jpg
10/28/22,H+,L+,red,6,R6,1.508,0,2,7,R6-1-1.jpg
11/2/22,L+,LP+,white,2,W2,1.53,0,,,W2-7.jpg
10/28/22,LP+,H+,green,10,G10,1.539,0,,,G10-1-1.jpg
11/18/22,LP+,H-,blue,11,B11,1.54,0,,,B11-4.jpg
11/2/22,L+,LP+,white,1,W1,1.542,0,,,W1-4.jpg
11/2/22,L+,LP+,white,2,W2,1.563,0,13,64,W2-1.jpg
10/28/22,H+,H+,green,7,G7,1.579,0,0,1,G7-1-1.jpg
11/10/22,L+,LP+,white,4,W4,1.58,0,,,W4-3.jpg
10/21/22,H+,LP-,orange,6,O6,1.581,0,,,O6-1-1.jpg
12/14/22,H+,H-,blue,8,B8,1.595,0,,,B8-2.jpg
10/24/22,LP+,H-,blue,9,B9,1.603,0,,,B9-2.jpg
12/14/22,H+,H-,blue,8,B8,1.605,0,,,B8-2.jpg
11/10/22,L+,LP+,white,4,W4,1.616,0,,,W4-3.jpg
11/2/22,L+,LP+,white,2,W2,1.62,0,,,W2-13.jpg
11/18/22,LP+,H-,blue,11,B11,1.628,0,,,B11-4.jpg
12/14/22,L+,H-,blue,3,B3,1.634,0,,,B3-5.jpg
11/2/22,L+,LP+,white,2,W2,1.642,0,,,W2-1.jpg
10/28/22,LP+,H+,green,11,G11,1.663,0,,,G11-1-1.jpg
10/24/22,LP+,H-,blue,9,B9,1.676,0,,,B9-2.jpg
10/24/22,LP+,H-,blue,9,B9,1.676,0,,,B9-3.jpg
12/7/22,H+,H-,blue,7,B7,1.683,0,6,19,B7-1.jpg
10/24/22,LP+,H-,blue,9,B9,1.718,0,,,B9-3.jpg
11/2/22,L+,LP+,white,2,W2,1.731,0,,,W2-13.jpg
11/10/22,L+,LP+,white,4,W4,1.742,0,,,W4-6.jpg
11/2/22,L+,LP+,white,1,W1,1.758,0,3,17,W1-2.jpg
11/2/22,L+,LP+,white,2,W2,1.77,0,,,W2-8.jpg
11/2/22,L+,LP+,white,2,W2,1.776,0,,,W2-16.jpg
11/2/22,L+,LP+,white,2,W2,1.78,0,,,W2-6.jpg
10/21/22,H+,L-,yellow,6,Y6,1.796,1,,,Y6-1-1.jpg
10/21/22,L+,L-,yellow,1,Y1,1.802,0,,,Y1-1-2.jpg
10/21/22,H+,L-,yellow,6,Y6,1.817,0,,,Y6-1-1.jpg
11/2/22,L+,LP+,white,2,W2,1.835,0,,,W2-8.jpg
12/2/22,H+,H-,blue,5,B5,1.861,0,,,B5-2.jpg
11/14/22,L+,LP-,orange,1,O1,1.864,0,,,O1-2.jpg
11/2/22,L+,LP+,white,2,W2,1.871,0,,,W2-6.jpg
10/21/22,H+,LP-,orange,6,O6,1.874,4,,,O6-1-1.jpg
11/10/22,L+,LP+,white,3,W3,1.874,0,,,W3-2.jpg
10/24/22,L+,H-,blue,2,B2,1.885,1,,,B2-1.jpg
10/21/22,H+,L-,yellow,6,Y6,1.891,2,,,Y6-1-1.jpg
11/10/22,L+,LP+,white,3,W3,1.897,0,,,W3-5.jpg
12/2/22,H+,H-,blue,5,B5,1.9,1,,,B5-2.jpg
12/7/22,H+,H-,blue,7,B7,1.905,0,,,B7-2.jpg
12/14/22,L+,H-,blue,4,B4,1.906,2,,,B4-1.jpg
10/24/22,L+,H-,blue,2,B2,1.907,0,,,B2-1.jpg
11/10/22,L+,LP+,white,3,W3,1.914,0,,,W3-5.jpg
10/28/22,H+,L+,red,6,R6,1.915,1,,,R6-1-1.jpg
10/24/22,LP+,H-,blue,9,B9,1.929,0,,,B9-1.jpg
10/21/22,L+,L-,yellow,1,Y1,1.934,2,,,Y1-1-2.jpg
11/2/22,L+,LP+,white,2,W2,1.938,0,,,W2-12.jpg
11/2/22,L+,LP+,white,2,W2,1.941,0,,,W2-7.jpg
11/18/22,LP+,H-,blue,11,B11,1.944,2,,,B11-5.jpg
10/24/22,L+,H-,blue,2,B2,1.945,2,,,B2-1.jpg
11/14/22,L+,LP-,orange,2,O2,1.945,0,,,O2-3.jpg
11/2/22,L+,LP+,white,2,W2,1.95,0,,,W2-14.jpg
12/14/22,L+,H-,blue,4,B4,1.95,2,,,B4-1.jpg
12/7/22,H+,H-,blue,6,B6,1.951,0,,,B6-1.jpg
10/28/22,H+,H+,green,5,G5,1.969,0,1,2,G5-1-1.jpg
11/18/22,LP+,H-,blue,11,B11,1.984,2,,,B11-7.jpg
12/2/22,H+,H-,blue,5,B5,1.99,0,,,B5-2.jpg
12/7/22,H+,H-,blue,6,B6,1.998,2,,,B6-1.jpg
11/2/22,L+,LP+,white,2,W2,2.007,3,,,W2-3.jpg
11/2/22,L+,LP+,white,2,W2,2.007,5,,,W2-3.jpg
11/18/22,LP+,H-,blue,11,B11,2.032,0,,,B11-6.jpg
12/14/22,L+,H-,blue,3,B3,2.045,2,,,B3-1.jpg
10/28/22,LP+,H+,green,12,G12,2.052,1,,,G12-1-1.jpg
12/2/22,H+,H-,blue,5,B5,2.053,2,,,B5-5.jpg
12/14/22,L+,H-,blue,3,B3,2.057,2,,,B3-1.jpg
12/14/22,L+,H-,blue,3,B3,2.082,2,,,B3-5.jpg
11/2/22,L+,LP+,white,2,W2,2.085,4,,,W2-16.jpg
11/18/22,LP+,H-,blue,11,B11,2.097,2,,,B11-3.jpg
12/2/22,H+,H-,blue,5,B5,2.1,2,,,B5-5.jpg
11/2/22,L+,LP+,white,2,W2,2.102,5,,,W2-11.jpg
12/7/22,H+,H-,blue,7,B7,2.103,3,,,B7-1.jpg
11/18/22,LP+,H-,blue,11,B11,2.109,0,,,B11-3.jpg
10/24/22,L+,H-,blue,2,B2,2.116,0,7,17,B2-1.jpg
10/21/22,L+,L-,yellow,1,Y1,2.119,2,,,Y1-1-2.jpg
10/24/22,LP+,H-,blue,9,B9,2.127,0,4,32,B9-1.jpg
10/21/22,L+,L-,yellow,1,Y1,2.137,2,,,Y1-1-2.jpg
12/7/22,H+,H-,blue,6,B6,2.142,1,,,B6-1.jpg
10/21/22,L+,L-,yellow,1,Y1,2.144,1,,,Y1-1-2.jpg
12/14/22,L+,H-,blue,4,B4,2.146,2,3,0,B4-1.jpg
11/14/22,L+,LP-,orange,1,O1,2.154,7,,,O1-2.jpg
10/24/22,L+,H-,blue,2,B2,2.162,1,,,B2-1.jpg
10/28/22,H+,H+,green,5,G5,2.164,1,,,G5-1-1.jpg
12/7/22,H+,H-,blue,6,B6,2.177,1,,,B6-1.jpg
10/24/22,LP+,H-,blue,9,B9,2.178,2,,,B9-1.jpg
11/2/22,L+,LP+,white,1,W1,2.179,2,,,W1-1.jpg
12/2/22,H+,H-,blue,5,B5,2.179,1,,,B5-2.jpg
12/14/22,L+,H-,blue,3,B3,2.182,2,,,B3-1.jpg
11/2/22,L+,LP+,white,2,W2,2.184,9,,,W2-16.jpg
10/28/22,H+,H+,green,8,G8,2.187,2,,,G8-1-1.jpg
11/2/22,L+,LP+,white,2,W2,2.2,5,,,W2-14.jpg
10/21/22,H+,LP-,orange,6,O6,2.214,5,5,8,O6-1-1.jpg
12/2/22,H+,H-,blue,5,B5,2.214,3,,,B5-2.jpg
11/2/22,L+,LP+,white,2,W2,2.224,0,,,W2-8.jpg
12/14/22,L+,H-,blue,1,B1,2.226,0,5,10,B1-1.jpg
12/7/22,H+,H-,blue,6,B6,2.228,2,,,B6-1.jpg
11/14/22,L+,LP-,orange,3,O3,2.229,0,3,9,O3-1.jpg
11/14/22,L+,LP-,orange,4,O4,2.235,6,,,O4-1.jpg
12/7/22,H+,H-,blue,7,B7,2.241,3,,,B7-1.jpg
11/2/22,L+,LP+,white,2,W2,2.246,7,,,W2-12.jpg
12/2/22,H+,H-,blue,5,B5,2.247,0,,,B5-5.jpg
11/14/22,L+,LP-,orange,2,O2,2.25,0,3,19,O2-1.jpg
11/14/22,L+,LP-,orange,2,O2,2.25,3,,,O2-3.jpg
11/14/22,L+,LP-,orange,3,O3,2.25,4,,,O3-1.jpg
11/14/22,L+,LP-,orange,4,O4,2.259,6,,,O4-1.jpg
10/24/22,L+,H-,blue,2,B2,2.263,2,,,B2-1.jpg
11/14/22,L+,LP-,orange,3,O3,2.299,7,,,O3-1.jpg
12/14/22,L+,H-,blue,1,B1,2.303,2,,,B1-1.jpg
10/24/22,L+,H-,blue,2,B2,2.308,2,,,B2-3.jpg
12/2/22,H+,H-,blue,5,B5,2.324,0,,,B5-2.jpg
10/24/22,L+,H-,blue,2,B2,2.34,1,,,B2-1.jpg
11/14/22,L+,LP-,orange,2,O2,2.342,5,,,O2-1.jpg
11/2/22,L+,LP+,white,2,W2,2.356,6,,,W2-5.jpg
12/7/22,H+,H-,blue,6,B6,2.356,6,,,B6-1.jpg
10/21/22,H+,LP-,orange,6,O6,2.361,6,,,O6-1-1.jpg
11/14/22,L+,LP-,orange,1,O1,2.37,6,,,O1-1.jpg
10/28/22,H+,H+,green,8,G8,2.377,2,,,G8-1-1.jpg
10/28/22,LP+,H+,green,10,G10,2.384,2,,,G10-1-1.jpg
12/7/22,H+,H-,blue,7,B7,2.388,1,,,B7-1.jpg
12/14/22,L+,H-,blue,1,B1,2.391,1,,,B1-1.jpg
10/24/22,LP+,H-,blue,9,B9,2.41,1,,,B9-1.jpg
10/24/22,L+,H-,blue,2,B2,2.412,2,,,B2-1.jpg
11/10/22,L+,LP+,white,4,W4,2.436,5,,,W4-5.jpg
10/28/22,L+,H+,green,4,G4,2.441,0,0,1,G4-1-1.jpg
10/21/22,H+,LP-,orange,6,O6,2.446,4,,,O6-1-1.jpg
12/7/22,H+,H-,blue,7,B7,2.448,5,,,B7-1.jpg
12/2/22,H+,H-,blue,5,B5,2.449,3,,,B5-2.jpg
11/14/22,L+,LP-,orange,3,O3,2.455,6,,,O3-1.jpg
12/7/22,H+,H-,blue,7,B7,2.457,5,,,B7-1.jpg
12/7/22,H+,H-,blue,6,B6,2.469,0,6,8,B6-1.jpg
12/14/22,L+,H-,blue,3,B3,2.497,1,,,B3-1.jpg
11/2/22,L+,LP+,white,2,W2,2.511,7,,,W2-10.jpg
12/7/22,H+,H-,blue,6,B6,2.524,2,,,B6-1.jpg
11/14/22,L+,LP-,orange,2,O2,2.566,3,,,O2-3.jpg
12/7/22,H+,H-,blue,7,B7,2.573,3,,,B7-1.jpg
10/28/22,H+,L+,red,6,R6,2.576,4,,,R6-1-1.jpg
11/10/22,L+,LP+,white,4,W4,2.576,7,,,W4-6.jpg
11/10/22,L+,LP+,white,3,W3,2.578,10,,,W3-5.jpg
10/28/22,LP+,H+,green,10,G10,2.608,6,,,G10-1-1.jpg
12/14/22,L+,H-,blue,1,B1,2.61,2,,,B1-1.jpg
11/10/22,L+,LP+,white,4,W4,2.613,10,,,W4-1.jpg
12/14/22,H+,H-,blue,8,B8,2.652,2,,,B8-1.jpg
10/21/22,H+,LP-,orange,6,O6,2.658,5,,,O6-1-1.jpg
12/14/22,H+,H-,blue,8,B8,2.718,2,,,B8-1.jpg
12/14/22,H+,H-,blue,8,B8,2.731,4,,,B8-1.jpg
11/2/22,L+,LP+,white,2,W2,2.736,7,,,W2-10.jpg
10/21/22,L+,L-,yellow,1,Y1,2.739,4,,,Y1-1-2.jpg
11/2/22,L+,LP+,white,2,W2,2.751,7,,,W2-10.jpg
12/14/22,L+,H-,blue,1,B1,2.753,2,,,B1-3.jpg
11/18/22,LP+,H-,blue,11,B11,2.771,0,,,B11-3.jpg
11/10/22,L+,LP+,white,4,W4,2.785,11,,,W4-3.jpg
11/2/22,L+,LP+,white,1,W1,2.81,1,,,W1-1.jpg
12/14/22,L+,H-,blue,1,B1,2.816,3,,,B1-1.jpg
11/2/22,L+,LP+,white,1,W1,2.831,11,,,W1-3.jpg
11/2/22,L+,LP+,white,2,W2,2.914,7,,,W2-10.jpg
11/10/22,L+,LP+,white,4,W4,2.967,0,4,41,W4-1.jpg
12/14/22,H+,H-,blue,8,B8,2.985,2,,,B8-1.jpg
12/14/22,H+,H-,blue,8,B8,3.04,2,,,B8-5.jpg
11/2/22,L+,LP+,white,2,W2,3.057,11,,,W2-12.jpg
12/14/22,H+,H-,blue,8,B8,3.11,4,,,B8-1.jpg
11/10/22,L+,LP+,white,4,W4,1.37,0,,,W4-6.jpg
10/28/22,H+,H+,green,8,G8,1.93,1,,,G8-1-1.jpg
10/24/22,LP+,H-,blue,9,B9,N/A,0,,,N/A
10/24/22,LP+,H-,blue,9,B9,N/A,0,,,N/A
10/24/22,LP+,H-,blue,9,B9,N/A,0,,,N/A
10/24/22,LP+,H-,blue,9,B9,N/A,0,,,N/A
10/24/22,LP+,H-,blue,9,B9,N/A,0,,,N/A
10/24/22,LP+,H-,blue,9,B9,N/A,0,,,N/A
10/24/22,LP+,H-,blue,9,B9,N/A,0,,,N/A
10/24/22,LP+,H-,blue,9,B9,N/A,0,,,N/A
10/24/22,LP+,H-,blue,9,B9,N/A,0,,,N/A
10/24/22,LP+,H-,blue,9,B9,N/A,0,,,N/A
10/24/22,LP+,H-,blue,9,B9,N/A,1,,,N/A
10/24/22,LP+,H-,blue,9,B9,N/A,1,,,N/A
11/10/22,L+,LP+,white,3,W3,N/A,0,,,N/A
11/10/22,L+,LP+,white,3,W3,N/A,0,,,N/A
11/10/22,L+,LP+,white,3,W3,N/A,9,,,N/A